501,Mary,Black,mary.black@bell.org,Some notes go here.
502,George,Johnson,george.johnson@rogers.org,Some notes go here.
503,Lucas,King,lucas.king@bell.net,Some notes go here.
504,Jim,Martinez,jim.martinez@example.com,Some notes go here.
505,Amy,King,amy.king@sympatico.tv,Some notes go here.
506,Chris,Martinez,chris.martinez@google.org,Some notes go here.
507,Andy,Nolin,andy.nolin@google.net,Some notes go here.
508,Chris,Smith,chris.smith@google.net,Some notes go here.
509,Mary,Nolin,mary.nolin@example.com,Some notes go here.
510,Chris,Nolin,chris.nolin@bell.com,Some notes go here.
511,Mary,Martinez,mary.martinez@example.net,Some notes go here.
